Ref,Size,Length,,
Ref,Taille,Longueur,,
U 1 2,25x25,345,,
U 3 6 7 8,25x25,305,,
U 4 5,25x25,305,,
BR 1 2,25x25,993.5,,
BR 3 4,25x25,584,,
BR 5 6,25x25,813,,
BR 7,25x25,428,,
BR 8 9,25x25,793,,
BR 10,25x25,882,,
BR 11 12,25x25,1068,,
FF 1,25x25,,,
FF 2 3,25x25,,,
FF 4,25x25,,,
TR 1 2,25x25,,,
TR 3 4,25x25,,,
TR 5,25x25,,,
TR 6 7,25x25,,,
TR 8,25x25,,,
TR 9,25x25,,,
D 7 8,25x25,,,
D 9 10,25x25,,,
D 11,19x19,,,
D 12,19x19,,,
D 13,19x19,,,
SB 1,25x25,,,
SB 2,25x25,,,
SB 3,25x25,,,
SB 4,25x25,,,
SB 5 6,25x25,,,
RS 1 2,,,,
RS 3,,,,
RS 4 5,,,,
RS 6,,,,
RS 7 7a,,,,
RS 8 9,,,,
,,,,
,,,,
,,,,
,,,,